{
  "used_m5_public_pattern": false,
  "contracts": {
    "data": {
      "passed": true,
      "demand_rows": 560,
      "historical_order_rows": 1987,
      "planning_order_rows": 37,
      "vehicle_rows": 16,
      "crew_rows": 16
    },
    "forecast": {
      "passed": true,
      "rows": 4,
      "series": 4
    },
    "routes": {
      "passed": true,
      "routes": 77,
      "member_rows": 185,
      "strategies": 5,
      "partition_checks": 10,
      "singleton_time_exceptions": 0
    }
  },
  "rows": {
    "demand": 560,
    "historical_orders": 1987,
    "planning_orders": 37,
    "route_candidates": 77
  },
  "forecast_champion": {
    "model": "lightgbm_quantile",
    "wape": 0.2796373127061908,
    "mae": 3.565375737003933,
    "pinball_p10": 0.7775236695810589,
    "pinball_p90": 0.9808746308944686,
    "interval_80_coverage": 0.6607142857142857,
    "interval_coverage_gap": 0.13928571428571435,
    "capacity_regret_proxy": 8.357142857142858,
    "worst_series_wape": 0.44548406929114004,
    "worst_series_coverage_gap": 0.30000000000000004,
    "selection_score": 0.4063758018850335,
    "backtest_protocol": "fixed_model_rolling_one_step",
    "promoted": true
  },
  "forecast_all": [
    {
      "model": "lightgbm_quantile",
      "wape": 0.2796373127061908,
      "mae": 3.565375737003933,
      "pinball_p10": 0.7775236695810589,
      "pinball_p90": 0.9808746308944686,
      "interval_80_coverage": 0.6607142857142857,
      "interval_coverage_gap": 0.13928571428571435,
      "capacity_regret_proxy": 8.357142857142858,
      "worst_series_wape": 0.44548406929114004,
      "worst_series_coverage_gap": 0.30000000000000004,
      "selection_score": 0.4063758018850335,
      "backtest_protocol": "fixed_model_rolling_one_step",
      "promoted": true
    },
    {
      "model": "seasonal_naive",
      "wape": 0.40756302521008403,
      "mae": 5.196428571428571,
      "pinball_p10": 1.2473214285714285,
      "pinball_p90": 1.3566964285714285,
      "interval_80_coverage": 0.5357142857142857,
      "interval_coverage_gap": 0.26428571428571435,
      "capacity_regret_proxy": 10.982142857142858,
      "worst_series_wape": 0.5661764705882353,
      "worst_series_coverage_gap": 0.4428571428571429,
      "selection_score": 0.5853361344537815,
      "backtest_protocol": "fixed_model_rolling_one_step",
      "promoted": false
    }
  ],
  "forecast_candidate_status": [
    {
      "model": "seasonal_naive",
      "status": "completed",
      "eligible": true
    },
    {
      "model": "lightgbm_quantile",
      "status": "completed",
      "eligible": true
    }
  ],
  "forecast_slices": [
    {
      "model": "lightgbm_quantile",
      "station_id": "STATION_A",
      "service_type": "installation",
      "wape": 0.44548406929114004,
      "mae": 4.3275595302567895,
      "pinball_p10": 1.1647899403818223,
      "pinball_p90": 0.7577595800617126,
      "interval_80_coverage": 0.5,
      "interval_coverage_gap": 0.30000000000000004,
      "capacity_regret_proxy": 8.0
    },
    {
      "model": "lightgbm_quantile",
      "station_id": "STATION_A",
      "service_type": "threshold",
      "wape": 0.2826162980005987,
      "mae": 2.9069104937204435,
      "pinball_p10": 0.5447712298903176,
      "pinball_p90": 0.8960334294190841,
      "interval_80_coverage": 0.7857142857142857,
      "interval_coverage_gap": 0.014285714285714346,
      "capacity_regret_proxy": 7.5
    },
    {
      "model": "lightgbm_quantile",
      "station_id": "STATION_B",
      "service_type": "installation",
      "wape": 0.2811513408843421,
      "mae": 4.839819510937604,
      "pinball_p10": 0.9909427528023537,
      "pinball_p90": 1.6956743290896372,
      "interval_80_coverage": 0.5714285714285714,
      "interval_coverage_gap": 0.22857142857142865,
      "capacity_regret_proxy": 11.642857142857142
    },
    {
      "model": "lightgbm_quantile",
      "station_id": "STATION_B",
      "service_type": "threshold",
      "wape": 0.15865796778970226,
      "mae": 2.187213413100895,
      "pinball_p10": 0.4095907552497424,
      "pinball_p90": 0.5740311850074408,
      "interval_80_coverage": 0.7857142857142857,
      "interval_coverage_gap": 0.014285714285714346,
      "capacity_regret_proxy": 6.285714285714286
    },
    {
      "model": "seasonal_naive",
      "station_id": "STATION_A",
      "service_type": "installation",
      "wape": 0.5661764705882353,
      "mae": 5.5,
      "pinball_p10": 1.7007142857142856,
      "pinball_p90": 1.3210714285714285,
      "interval_80_coverage": 0.42857142857142855,
      "interval_coverage_gap": 0.3714285714285715,
      "capacity_regret_proxy": 10.0
    },
    {
      "model": "seasonal_naive",
      "station_id": "STATION_A",
      "service_type": "threshold",
      "wape": 0.3680555555555556,
      "mae": 3.7857142857142856,
      "pinball_p10": 0.7192857142857142,
      "pinball_p90": 1.4332142857142856,
      "interval_80_coverage": 0.6428571428571429,
      "interval_coverage_gap": 0.15714285714285714,
      "capacity_regret_proxy": 10.071428571428571
    },
    {
      "model": "seasonal_naive",
      "station_id": "STATION_B",
      "service_type": "installation",
      "wape": 0.44398340248962653,
      "mae": 7.642857142857143,
      "pinball_p10": 1.7299999999999998,
      "pinball_p90": 1.6849999999999998,
      "interval_80_coverage": 0.35714285714285715,
      "interval_coverage_gap": 0.4428571428571429,
      "capacity_regret_proxy": 13.571428571428571
    },
    {
      "model": "seasonal_naive",
      "station_id": "STATION_B",
      "service_type": "threshold",
      "wape": 0.27979274611398963,
      "mae": 3.857142857142857,
      "pinball_p10": 0.8392857142857143,
      "pinball_p90": 0.9874999999999999,
      "interval_80_coverage": 0.7142857142857143,
      "interval_coverage_gap": 0.08571428571428574,
      "capacity_regret_proxy": 10.285714285714286
    }
  ],
  "capacity": {
    "capacity_regret_proxy": 2.177437704552938,
    "mean_planned_vehicles": 7.5,
    "mean_planned_crews": 7.5,
    "station_underforecast_rate": 0.0,
    "total_capacity_shortfall": 0,
    "station_capacity_shortfall_rate": 0.0,
    "total_reserve_shortfall": 2,
    "route_pool_reconciled": true,
    "route_pool_min_routes_total": 14
  },
  "rass": {
    "duration_mae": 14.045465693833199,
    "duration_bias": 1.5191802608094256,
    "p90_underprediction_mean": 1.4189384245497765,
    "p90_coverage": 0.8378378378378378,
    "reference_fallback_rate": 0.0,
    "high_confidence_rate": 1.0
  },
  "rass_ablation": [
    {
      "method": "unshrunk_similarity",
      "duration_mae": 13.704176808385172,
      "duration_bias": 1.9365716597810534
    },
    {
      "method": "shrunk_rass",
      "duration_mae": 14.045465693833199,
      "duration_bias": 1.5191802608094256
    },
    {
      "method": "random_reference",
      "duration_mae": 14.117128378378382,
      "duration_bias": 1.2678040540540547
    },
    {
      "method": "cohort_median",
      "duration_mae": 14.933783783783786,
      "duration_bias": 3.6845945945945986
    },
    {
      "method": "global_median",
      "duration_mae": 33.52297297297298,
      "duration_bias": -4.857567567567563
    }
  ],
  "failure_model": {
    "model": "logistic_regression",
    "validation_brier": 0.06999589408808499,
    "validation_log_loss": 0.2580038794652247,
    "validation_pr_auc": 0.23455891694168846,
    "validation_ece": 0.007471922196228326,
    "planning_mean_risk": 0.0830334769134366
  },
  "advanced_service": {
    "status": "disabled",
    "metrics": {
      "enabled": false
    }
  },
  "optimizer": {
    "status": "GREEDY",
    "objective": 6073.897931447205,
    "best_bound": null,
    "relative_gap": null,
    "fallback_used": false,
    "fallback_reason": null,
    "solve_time_seconds": 0.08149917399998685,
    "selected_routes": 14,
    "unserved_orders": 0
  },
  "risk_aware_optimizer_challenger": {
    "status": "OPTIMAL",
    "objective": 5995.0,